word,phonotactic_probability,log_phonotactic_probability
detail.com,8.728395271565084e-51,-115.2652582074315
detail.uk,9.147804521991099e-49,-110.61315564916352
detail.net,3.2407960836803695e-51,-116.25602073823296
detail.it,1.4137331750362545e-48,-110.17785061628376
detail.nl,8.788677084681643e-41,-92.23252461469693
detail.de,4.704862083816481e-49,-111.27807309678565
detail.xyz,1.1465121991148804e-44,-101.17701962816926
detail.au,7.38870479452184e-56,-126.94481275267847
detail.org,4.7613550487724445e-51,-115.87130744085313
detail.info,6.180843479951694e-62,-140.93882101804545
detail.io,7.38870479452184e-56,-126.94481275267847
detail.cn,7.1802995775711376e-40,-90.13206261367641
detail.jp,4.7810699971323897e-42,-95.14390953552449
detail.pl,1.538969292403807e-39,-89.3697057250641
alternik.com,3.809207506792533e-60,-136.81768441560638
mepia.com,2.4738989364858682e-48,-109.61828904082653
mepia.net,3.8327672523486776e-48,-109.18049740121822
mepia.io,1.2146295912812086e-50,-114.93481548253303
mepia.uk,1.5038080931186401e-43,-98.60315837901807
mepia.de,3.7418119937192693e-47,-106.90192938632197
mepia.pl,1.2713128009984347e-36,-82.65301327964315
mepia.org,7.827194207465232e-46,-103.86131017070768
gseri.com,1.408866755258236e-43,-98.66837333718472
canzu.com,1.1950588356894042e-41,-94.22779339369787
branki.com,9.803696337908832e-44,-99.03098459983734
branki.net,1.518869090476375e-43,-98.59319296022903
branki.de,1.4828248639807964e-42,-96.31462494533278
canzu.cn,9.830994342141856e-31,-69.09459779994276
branki.ru,1.0437134721731586e-42,-96.66578890589972
konfirm.com,2.5691887038512463e-46,-104.97532410809153
konfirm.de,7.075342313821693e-45,-101.65971335879416
konfirm.net,3.567337812160021e-46,-104.64709467099476
konfirm.nl,9.674221787951686e-36,-80.62359854745873
konfirm.io,1.190013921497232e-50,-114.9552896439101
konfirm.info,9.954775555779815e-57,-128.94929790927708
ioweng.com,2.0638428901232866e-53,-121.31244020308863
blreig.com,2.2343453890047485e-43,-98.20721070440494
cartsum.com,1.3133693353505603e-45,-103.34373333776257
baron21.xyz,3.2570005504301702e-55,-125.4613734193793
baron21.info,1.0183917943902208e-69,-158.860146705715
hanoise.com,3.538580012304495e-61,-139.1939651524315
choda.net,3.9011538015091156e-42,-95.34730154982748
choda.com,2.5180397360958625e-42,-95.78509318943581
choda.de,3.8085756641980315e-41,-93.06873353493123
choda.org,7.966851735881316e-40,-90.02811431931694
kaptus.com,2.173425373763728e-43,-98.23485456247896
kaptus.de,7.286518596191967e-44,-99.32771821860638
kaptus.fr,2.4903813323515816e-33,-75.07287222452975
kaptus.net,4.4781827477154895e-44,-99.81452676427458
revisun.com,5.1605333594045495e-55,-125.00114017629507
cmilner.net,6.032963116647748e-47,-106.42426108488078
ains24.de,2.7841534623452436e-56,-127.92082134374476
as192.com,3.0141856180205186e-56,-127.841435524083
as192.nl,1.2664040451524028e-45,-103.38014776093866
coldeh.com,6.366000789526486e-46,-104.06794282484383
baoyw.com,2.9599307080924214e-43,-97.92599314011024
baoyw.xyz,3.887996086082618e-37,-83.837754560848
baoyw.net,1.3757302677019818e-42,-96.38958921183382
baoyw.cn,2.4349480691133908e-32,-72.79279754635515
lesmitz.com,6.516335974222757e-48,-108.6497722128821
baoyu123.com,1.3224970403756453e-71,-163.20401995573064
baoyu123.cn,1.087934797279854e-60,-138.07082436197553
betagrid.com,2.2446662559623815e-56,-128.13620835856474
betagrid.net,4.7078000896545775e-56,-127.39554448101063
breativ.com,1.0418678177494033e-52,-119.69340975477307
chinma.com,1.1776036597171591e-44,-101.15026251497424
boldap.com,4.593259087821932e-44,-99.78915427870554
bistn.cn,8.321180617428143e-22,-48.53806789996971
albien.fr,1.7187182363769255e-40,-91.56182491815328
albien.de,1.0945738576807594e-49,-112.73630444025429
albien.com,9.354756553959865e-52,-117.49853989939648
albien.net,6.692366660585509e-53,-120.13604235617834
albien.info,5.544221714966524e-63,-143.35010460565985
albien.org,4.270939417847221e-52,-118.28259102846754
aintur.ru,2.8599481996096182e-52,-118.68362132304725
dantch.com,6.606851336012516e-38,-85.61012634196105
afrein.com,3.5128167963658804e-51,-116.17542152096725
bleta24.com,3.750098472649282e-58,-132.22815329464396
betford.xyz,3.242056987271308e-40,-90.92719571878935
betford.ru,2.3041109655028587e-44,-100.4790491879535
braxit.nl,1.7168604784459264e-34,-77.74739584209716
braxit.com,2.7368275393456867e-45,-102.60952976749338
braxit.ru,5.494330260013821e-43,-97.30744230002469
etinar.com,1.0411440556713623e-54,-124.29927485961055
aboe2.com,7.20400205993735e-56,-126.97012849440934
dtrian.xyz,4.6684081475075876e-36,-81.35224520198486
cartdn.com,1.1551072586584263e-36,-82.74887014348421
cowpig.net,1.1996860567415118e-45,-103.4342692815485
cowpig.de,2.8623242495084053e-45,-102.56469521528825
cowpig.com,1.3517325923189645e-47,-107.92011219940808
geflirt.nl,8.992547902594078e-35,-78.39408203126857
aerviz.com,1.0686763580627748e-52,-119.66800400153217
abdulmi.com,1.2820061658769276e-56,-128.69633903960326
abdulmi.org,4.056152451296413e-54,-122.9393601694844
foemar.de,9.66581576553468e-49,-110.55807404351927
aboger.com,1.0662273069349152e-53,-121.97288339214937
aboger.de,2.4415718888203757e-52,-118.84178278707412
aboger.cn,8.771178714282517e-43,-96.83968779839428
bardos.net,9.363504637538165e-44,-99.07692444424143
bardos.pl,1.3073707848613213e-31,-71.11211979685199
bardos.com,4.5444502185538615e-43,-97.49725224244581
bardos.xyz,5.969330503186569e-37,-83.40901366318357
bardos.fr,5.2071785517481835e-33,-74.33526990449658
bardos.de,1.5235499422563145e-43,-98.59011589857323
bardos.it,1.2131740752174483e-41,-94.21274868507916
bardos.ru,1.3335989850816141e-43,-98.72327770732639
bardos.io,6.340507009690063e-49,-110.97971082147387
altumer.com,5.409080898084581e-56,-127.25668601868934
colegs.com,2.8330349750702246e-44,-100.27239552537098
joandev.com,1.9260330956416436e-52,-119.07896233884752
brownt.com,5.413696134771457e-36,-81.20413128399586
brownt.cn,4.453505926368022e-25,-56.07093569024078
beoit.com,3.094641986474259e-46,-104.78924205308677
beoit.de,9.275111604924106e-46,-103.69157963642908
beoit.it,1.3397128323835015e-43,-98.71870371193899
anteli.de,9.454200047170389e-53,-119.79055083648115
anteli.it,5.871996882547399e-49,-111.0564747962975
anteli.cn,5.142010246317568e-43,-97.37371489723061
anteli.fr,1.1353040586756759e-42,-96.58167339758718
anteli.com,6.25064420160021e-54,-122.5069104909857
linature.com,1.2365193017575995e-66,-151.7583157197555
kpread.cn,2.449331204833786e-31,-70.48432287314282
kpread.com,2.97741489415675e-42,-95.61751846689792
aline.com,5.066053871078662e-53,-120.41444774331255
aline.net,7.848746401615773e-53,-119.97665610370424
aline.nl,2.1284923784844142e-42,-95.95315998016821
aline.xyz,6.65447929871692e-47,-106.32620916405031
aline.fr,9.201470017814796e-42,-94.48921064991403
aline.pl,2.603396218763348e-41,-93.44917198212917
aline.uk,3.079500419012621e-48,-109.3993170815041
aline.de,7.662488089572916e-52,-117.69808808880799
aline.cn,4.167522590201878e-42,-95.28125214955746
aline.jp,1.939145521247836e-43,-98.34891157566166
aline.it,4.759165868083713e-48,-108.96401204862434
aline.org,1.6028539779696952e-50,-114.65746887319371
aline.au,2.4873202587562575e-55,-125.73097418501905
aline.io,2.4873202587562575e-55,-125.73097418501905
aline.info,2.0807080038281984e-61,-139.72498245038602
aline.ru,5.393382754578085e-52,-118.04925204937493
bayint.com,5.839543170845841e-43,-97.24650642913373
abelym.com,3.956532085969121e-48,-109.14871655799486
borats.com,1.034542673310641e-42,-96.67461443821777
cargodp.com,2.38036167970245e-47,-107.35424692832093
bamting.com,3.2303716123328678e-49,-111.6540723758336
bamting.net,2.867010682017248e-47,-107.16822945797401
alenik.com,8.329585450638825e-57,-129.12753661154989
alenik.ru,3.198734310919728e-53,-120.87425472495809
conles.com,3.733206298888446e-44,-99.99647662976746
conles.de,1.251576311229206e-44,-101.08934028589488
bwcrd.cn,2.5647214377073665e-16,-35.89951161646322
fsmotel.com,4.325040507510812e-46,-104.45449277148766
lowsite.com,1.5325193496834424e-57,-130.82043728569124
covine.com,7.094723274200054e-53,-120.07765862176468
covine.au,3.483352009130918e-55,-125.39418506347118
fitsla.com,2.7240335410121366e-43,-98.00904529738561
admsel.ru,4.957160947377997e-46,-104.31808109050829
realdv.com,7.51602481925118e-43,-96.99412161500938
realdv.net,4.735406596668671e-42,-95.15350631232997
realdv.info,2.057966403616596e-52,-119.01270652318505
bermida.nl,5.589504438431754e-44,-99.59285345994411
ampecs.com,2.611144166778804e-43,-98.05137049539279
dormitz.com,1.7429727150557147e-47,-107.66590725831757
dormitz.de,2.2750070890873683e-45,-102.79434601625164
brunity.org,6.1296451784542605e-46,-104.10577741225028
chrfy.com,1.9724982531595257e-28,-63.79308171569298
aidcen.com,1.8504035205126727e-52,-119.11902110118864
ahwits.cn,3.973390074605745e-32,-72.30310332242075
envilr.com,4.374925914063149e-46,-104.44302469198833
ronitz.net,1.152727702941669e-45,-103.47419813530703
ronitz.com,3.138918410902888e-46,-104.7750359922707
ronitz.nl,3.126068807209884e-35,-79.450702011771
inoted.ru,2.1826334238796946e-53,-121.25647778831407
darnel.com,1.245949499751374e-44,-101.09384620208867
darnel.net,4.626129011838096e-45,-102.08460873289013
darnel.xyz,1.6366081696594735e-38,-87.00560762282642
darnel.de,6.716034708954471e-43,-97.10666109144279
darnel.org,6.796676544293507e-45,-101.69989543551027
darnel.info,8.822949238991912e-56,-126.76740901270259
andmile.it,7.961650547450751e-51,-115.35720340912778
darnel.ru,2.515686795110138e-44,-100.39119824589909
andmile.com,8.475046193825778e-56,-126.80763910381599
darnel.cn,1.0249639697098336e-33,-75.96065060833357
cofstr.com,6.358037586615347e-33,-74.13558829462816
cmonv.com,4.553570843840834e-35,-79.07456652877976
cmonv.org,9.604726317241951e-34,-76.02563785976311
alemir.com,2.1056438938812395e-54,-123.5949737134887
alemir.de,4.821749457857893e-53,-120.46387310841345
ardinv.com,1.3787309092435282e-46,-105.59775083265994
banlis.com,5.564218632501461e-44,-99.59738752432561
antric.net,2.900189645787321e-44,-100.24896796178467
antric.com,4.5185172699571036e-46,-104.41073037531818
antric.de,1.0056228664080888e-43,-99.00555188163929
baozue.com,2.4840051525003876e-56,-128.03489296932196
afilet.com,9.920376431815644e-55,-124.34758924734008
adnsur.com,2.2756047225925205e-45,-102.79408335552235
adnsur.info,1.004974892813107e-56,-128.9398026487431
ceramist.com,2.9313539135331976e-56,-127.86930080483658
ceramist.de,8.785712473489575e-56,-126.7716383881789
ceramist.nl,1.8388903247027963e-45,-103.00716687944036
ceramist.jp,1.2926743408764007e-47,-107.96478616585793
ceramist.net,6.780848249620839e-56,-127.03066300297638
ceramist.cn,2.4114397449005667e-45,-102.73610521108148
ceramist.pl,5.414689912270761e-45,-101.92721357050405
adinel.nl,9.114335375044728e-45,-101.40648069477885
ceramist.ru,5.884852544923573e-54,-122.56721333736789
adinel.com,9.051819861450796e-55,-124.43921428751342
alifdev.com,1.6146716698042094e-58,-133.0708037580792
midplate.com,2.3153321221480385e-57,-130.40779715812184
beyouni.com,2.1810426815351874e-60,-137.3753025229058
chrique.com,6.244545180444296e-54,-122.50788671014554
bdituan.com,5.372485512284936e-53,-120.35571927579663
brmedia.uk,1.9643052990799615e-46,-105.24377563227783
brmedia.de,4.887632378797051e-50,-113.54254663958173
brmedia.xyz,4.2446589285669396e-45,-102.17066771482405
brmedia.com,3.2314580647386447e-51,-116.25890629408629
brmedia.nl,1.3576906280950601e-40,-91.79761853094195
brmedia.net,5.006440022752748e-51,-115.82111465447798
brmedia.ru,3.4402496779594673e-50,-113.89371060014867
brmedia.cn,2.6583164780324216e-40,-91.1257107003312
brmedia.fr,5.8692949686670975e-40,-90.33366920068777
brmedia.au,1.5865743464813066e-53,-121.57543273579279
childent.com,4.638043280770193e-47,-106.68720680015583
aprimex.net,1.8941521783733275e-56,-128.30599386852037
aprimex.com,9.19301117924806e-56,-126.72632166672476
aprimex.org,8.265377185684629e-57,-129.13527493392746
aprimex.fr,1.0533650570782332e-45,-103.56433932877553
carnut.com,6.095795164647983e-45,-101.808729968512
carnut.de,1.8270023065667163e-44,-100.71106755185431
carnut.info,1.153750667688805e-55,-126.4991620291259
carnut.org,8.887810513958532e-45,-101.43164845193358
carnut.net,1.410087733910958e-44,-100.9700921666518
alterin.net,1.3990020853003578e-57,-130.91159111441343
alterin.info,1.1589887604764164e-67,-154.12565336389494
alterin.com,1.9555599073111541e-56,-128.27408865763158
alterin.it,2.650934076383476e-54,-123.36468296213326
bewola.de,2.3685305552208105e-51,-116.56956999873466
animer.com,1.7207065206429996e-54,-123.79686004737941
animer.net,2.3534095222635445e-54,-123.48372988446596
animer.de,3.940274876085421e-53,-120.66575944230416
animer.io,9.084180593225223e-60,-135.9485710752332
animer.cn,1.4155165891199873e-43,-98.66366445362432
animer.pl,2.880958156105609e-43,-97.95303606683396
animer.jp,1.5368241893063243e-45,-103.18661111233536
animer.ru,7.8790759297673205e-56,-126.8805545784692
animer.org,5.853936560516314e-55,-124.87506576340785
animer.info,7.599153025029395e-66,-149.94257934060016
softza.com,1.8865921788879924e-44,-100.6789719701252
belodi.com,4.310823565968205e-53,-120.57588096023149
belodi.de,6.520190087013137e-52,-117.85952130572693
bdrose.com,1.2650163065550093e-44,-101.07865907908429
bdrose.net,1.9598670753860085e-44,-100.64086743947598
bdrose.cn,1.0406490275673357e-33,-75.9454634853292
badpig.com,2.9394773408327116e-46,-104.84068248740637
badpig.fr,1.601691176684598e-34,-77.81683310533973
badpig.cn,2.4181223755322425e-35,-79.70748689365126
foresnt.com,5.464003832347758e-46,-104.2207324540765
dhartis.com,2.793737069986493e-45,-102.58894903355578
contg.com,2.626225959710454e-35,-79.62493043550299
contg.ru,8.723246049663627e-32,-71.51673155375589
ambinet.net,4.519561252531e-56,-127.43635028655794
ambinet.de,5.855840480323693e-56,-127.17732567176046
ambinet.com,1.9538018072886918e-56,-128.27498808841816
ambinet.uk,5.473072952109453e-54,-122.63975478015011
ambinet.au,4.420614833297403e-61,-138.97141188366507
ambinet.pl,3.6089913564040894e-45,-102.33290085408561
ambinet.it,8.458275188533015e-54,-122.20444974727036
manei.com,8.072933283238685e-49,-110.73815266051399
manei.net,1.2507250745798471e-48,-110.30036102090568
manei.jp,3.090095924343519e-39,-88.6726164928631
manei.ru,8.59454325925049e-48,-108.37295696657637
manei.xyz,1.0604144523594724e-42,-96.64991408125175
manei.de,1.2210441638584917e-47,-108.02179300600943
manei.org,2.5542036378243162e-46,-104.98117379039515
dones.net,8.5851076672996e-43,-96.86112996314532
dones.com,4.166665786500518e-42,-95.28145776134967
dones.xyz,5.4730944294194285e-36,-81.19321918208745
dones.de,1.3968957988595043e-42,-96.37432141747712
dones.it,1.1123217703298719e-40,-91.99695420398305
dones.ru,1.2227356438771735e-42,-96.50748322623028
dones.fr,4.7743008884081174e-32,-72.11947542340046
dones.org,3.74622239227273e-43,-97.69041102855242
dones.io,5.813414682920334e-48,-108.76391634037776
airlex.com,1.9639465470056663e-52,-119.0594688425207
airlex.de,6.58423022452459e-53,-120.15233249864812
airlex.net,4.0465670689240203e-53,-120.63914104431632
airlex.org,1.7657717005900848e-53,-121.46842210972342
alfrin.com,3.4028618236880095e-45,-102.39171239430213
greatwd.com,9.140836659637398e-46,-103.70616235819587
greatwd.net,1.9171327377266626e-45,-102.96549848064177
greatwd.ru,8.533220530433729e-44,-99.16977724809777
batpig.com,2.88819730000203e-46,-104.85828174185382
batpig.net,2.563325061199092e-44,-100.37243882399426
telaxs.com,9.650411699664237e-46,-103.65191370010761
temdis.com,2.1475882094159802e-44,-100.54939864230788
choidn.de,6.7008659097192266e-40,-90.20116696145911
pornfil.com,1.053957397844837e-45,-103.56377715493183
conf3d.com,1.7623300272568896e-44,-100.74710727912002
hardinc.com,1.9150005903351736e-47,-107.57178143981857
ahwnis.com,2.4201146181858677e-46,-105.03509937579237
doberti.com,1.414201827412787e-54,-123.99302972930293
crowin.com,3.2576379668379437e-43,-97.8301566160283
crowin.cn,2.679853030186154e-32,-72.69696102227321
crowin.io,2.3079770543095654e-48,-109.68771305692471
gerdauk.com,8.599932294210071e-54,-122.18784069121627
gerdauk.net,5.519827214111221e-52,-118.02607827768273
ehards.com,3.0594277567589275e-44,-100.19551620085694
ehards.de,1.0256886439457395e-44,-101.28837985698436
aneliv.fr,1.7017699311660382e-45,-103.08466033929604
abolv.cn,7.216451788761828e-34,-76.31152977168976
godealt.com,1.9273257329599523e-52,-119.07829142423806
chanir.com,2.718356508305057e-44,-100.31371661893537
bruniva.net,8.628696628087216e-54,-122.18450155602062
bhotcn.com,4.361177137764528e-37,-83.72290643413253
pensad.net,6.944762983761041e-44,-99.37575624372226
pensad.com,3.3112440690848185e-44,-100.11642012127633
arfuli.com,1.1567328829483685e-54,-124.19399547052059
koern.net,6.771345749183681e-41,-92.49328896431817
koern.de,1.107491327698109e-37,-85.09355104839409
koern.com,9.465155488172607e-40,-89.85578650753631
shopnq.com,1.91766945227888e-38,-86.84712291195673
shopnq.ru,7.364250130282865e-35,-78.59384102536497
blaunt.de,2.413011845810595e-40,-91.22252802396787
blaunt.com,8.051016623822416e-41,-92.32019044062555
brical.com,1.0040670853830144e-43,-99.00710016159609
brical.nl,1.0110015770638455e-33,-75.9743665688615
spot13.fr,1.393000075056166e-38,-87.16677378509512
spot13.xyz,1.0074140484754605e-43,-99.0037722992314
spot13.com,7.669441305561179e-50,-113.09201087849364
spot13.net,1.1882127861504534e-49,-112.65421923888533
spot13.jp,2.9356503378408686e-40,-91.02647471084275
spot13.org,2.4265423973484927e-47,-107.3350320083748
coregy.com,2.2452394320253615e-46,-105.11010211098248
born21.com,2.0357137702841122e-50,-114.41840814523674
top532.net,1.1939813789946281e-56,-128.76747178829964
metadxb.com,7.315639809214357e-49,-110.83665506068654
boxedia.com,3.5866800719220277e-62,-141.48304876204756
boxedia.net,5.556779107493289e-62,-141.04525712243924
bkmod.net,9.590139020215749e-35,-78.32974286962846
bkmod.com,4.5725521557239936e-35,-79.07040674718252
imprnt.com,9.531748612288672e-35,-78.33585006893176
imprnt.io,2.1566255669103314e-39,-89.0322738641787
imprnt.org,1.3897510209006482e-34,-77.95876855235336
credit.net,8.100895123784077e-44,-99.22176952705615
credit.fr,5.070969763898294e-33,-74.3617759945605
credit.pl,6.468782885617464e-33,-74.11832009458384
credit.com,3.5020088564220967e-44,-100.06040732891636
credit.de,1.0496051926754198e-43,-98.96274491225867
credit.xyz,4.600039011038507e-38,-85.9721687496541
credit.uk,9.809976569081276e-42,-94.42517402064836
credit.link,1.749031901273464e-45,-103.05726674914011
credit.nl,2.196872296233966e-33,-75.19827340352013
credit.info,6.628249387022034e-55,-124.75083938953028
credit.it,1.5160675207585102e-41,-93.9898689877686
credit.ru,7.03047340545121e-42,-94.75831986144766
credit.io,7.923542827775814e-49,-110.75683112416331
credit.org,5.106010010735116e-44,-99.68332581233797
credit.cn,2.880881528628286e-33,-74.92721173516125
ehrtg.com,5.558979774263228e-38,-85.78281893618585
arclev.com,4.290782786689004e-46,-104.46244509367172
infosym.com,6.584626141487356e-51,-115.5471021833744
infosym.net,9.142802853777927e-51,-115.21887274627764
infosym.de,1.8133539155658453e-49,-112.23149143407704
copsltd.com,3.9673475805077506e-38,-86.12013577810454
aicubed.com,7.662752749416751e-63,-143.02648957266456
aicubed.net,1.6071301461801642e-62,-142.28582569511045
aicubed.au,2.5593482326401118e-67,-153.33344860114977
aicubed.org,1.6492695225938603e-62,-142.2599432893244
herzla.com,2.0892401709656452e-44,-100.57694364642516
herzla.de,3.160009414363652e-43,-97.86058399192058
sld.uk,3.2797714230552323e-18,-40.258757942018015
sld.de,5.712565102237634e-21,-46.6116188002666
sld.com,7.931410873924597e-21,-46.283456017047754
sld.link,4.296770721205356e-22,-49.19900830037607
sld.jp,1.2391530833640786e-12,-27.41659296694754
sld.fr,1.2445840938946673e-09,-20.50446442396937
sld.cn,6.52467084449218e-10,-21.15026042329266
sld.pl,1.4695333594666768e-09,-20.33832092909099
sld.net,1.6634765513209415e-20,-45.542792139493685
sld.nl,4.511162649547748e-10,-21.519296015957657
sld.ru,7.404188546933518e-19,-41.74707090694968
sld.it,5.068671566125456e-18,-39.82345290913827
sld.org,1.7070933453423573e-20,-45.51690973370762
sld.au,2.6490796540533755e-25,-56.590415045532964
sld.info,2.2160239396447394e-31,-70.58442331089995
sld.io,2.6490796540533755e-25,-56.590415045532964
dremica.com,8.090825087687276e-55,-124.55144940021331
altcn.com,1.3330758650613723e-35,-80.30298930219023
altcn.cn,1.0966373282788007e-24,-55.16979370843514
anifelt.net,4.726893480246323e-56,-127.39149699043423
anifelt.fr,2.958924112610981e-45,-102.53150345793857
anifelt.com,2.0434313218777017e-56,-128.23013479229442
anifelt.org,2.979370188234556e-56,-127.85305327571602
preitv.com,3.3869123106418967e-43,-97.79124031522225
bogatei.ru,1.114308920457845e-59,-135.7442860761734
forti.com,5.075067650216569e-42,-95.08423405081898
forti.net,7.862711287970144e-42,-94.64644241121064
forti.pw,4.143124230872476e-34,-76.86644301342352
forti.fr,9.217841738407585e-31,-69.15899695742044
forti.xyz,6.666319284671139e-36,-80.99599547155672
forti.nl,2.1322794997201474e-31,-70.62294628767462
forti.de,7.676121575723084e-41,-92.36787439631439
forti.it,4.767633616573549e-37,-83.63379835613074
forti.cn,4.174937657063893e-31,-69.95103845706387
forti.org,1.6057058567920754e-39,-89.3272551807001
forti.info,2.0844101046890583e-50,-114.39476875789242
forti.pl,2.608028312918238e-30,-68.11895828963559
forti.ru,5.402978933812084e-41,-92.71903835688136
forti.io,2.491745824695464e-44,-100.40076049252545
asoft2.com,2.184575328479853e-54,-123.55817356969594
arcime.com,2.4507154738974302e-54,-123.44321500959212
arcime.org,7.7538438125057e-52,-117.68623613947328
grapby.com,1.0193309879121318e-37,-85.17650192288
canrid.com,2.1922990216366726e-45,-102.83137840996973
canrid.nl,1.246917808225208e-34,-78.06721840887961
brudao.com,1.1250445539236257e-49,-112.70884691834839
arisbd.com,4.961212128846149e-47,-106.61984927902368
gimlav.it,6.197365382120677e-42,-94.8844496423784
mosetv.com,9.12586576616525e-47,-106.01038659726841
bfiltd.com,3.5454763044048885e-38,-86.23256102332145
aequin.com,4.086118957779585e-58,-132.14233978417846
goniar.com,1.8494947040080977e-50,-114.51434218088825
artsim.com,4.297216883124354e-45,-102.1583616080632
artsim.net,5.966717918089331e-45,-101.83013217096644
artsim.de,1.1834195129093597e-43,-98.84275085876584
artsim.xyz,5.6445789007686306e-39,-88.07012302880096
artsim.fr,1.0897591775366402e-33,-75.89935133501264
artsim.pl,3.5207774888511195e-32,-72.42404113307478
artsim.org,1.2826423161717613e-44,-101.06482183205644
banglife.com,1.528268167157752e-56,-128.52063003025432
banglife.xyz,2.007445862211903e-50,-114.43239145099207
aron24.com,5.443168293634045e-61,-138.763329374384
artink.com,2.35730979642433e-47,-107.36397831865126
artink.xyz,3.0964276417432374e-41,-93.27573973938902
artink.fr,6.177708422754747e-35,-78.7695308574668
artink.de,5.246333017810082e-45,-101.95879982497237
artink.net,1.5130285124632847e-45,-103.20221590511775
artink.cn,1.9392099015739115e-36,-82.23078272489617
artink.ru,9.052560624984143e-44,-99.11069643205951
demofab.com,2.5745282683067452e-55,-125.69651379411347
karnus.de,3.190849726018679e-44,-100.15345683861923
karnus.com,9.51767797864456e-44,-99.06059318249181
forgen.net,3.0608393429713475e-45,-102.49764001129111
forgen.com,4.2785173551405973e-44,-99.86013755450925
forgen.fr,7.860777306730406e-33,-73.92342257326602
forgen.pl,4.6321582212862074e-33,-74.45228517080743
forgen.de,5.006173297570293e-42,-95.09790209536703
forgen.nl,8.300654499345983e-35,-78.47414388775508
forgen.it,5.799907950012911e-42,-94.95073185901092
dartep.com,1.540318583900179e-44,-100.88175482404522
forgen.org,1.953368675775839e-44,-100.64418868358028
forgen.ru,1.9126895753153015e-43,-98.36264859259003
dartep.org,4.77787231263658e-44,-99.74974876721062
hostenc.net,5.148534069966915e-45,-101.97761715718431
hostenc.com,8.021454784482523e-47,-106.13937957071785
kornet21.net,4.3521226355275964e-63,-143.59219717034887
coltav.com,3.345364100090399e-45,-102.40875364802007
agilemu.com,7.6636547379315e-65,-147.63154205481155
amergs.com,1.2932120792993136e-45,-103.35920007727917
amergs.org,1.1627186574754243e-46,-105.76815334448192
carles.com,7.078912041450927e-44,-99.35662386230202
carles.de,2.373241099210924e-44,-100.44948751842944
carles.xyz,9.298454938704242e-38,-85.26838528303978
carles.fr,8.111247165049744e-34,-76.1946415243528
masedy.com,4.100812131110242e-47,-106.81031433586669
carles.nl,3.955445437246665e-34,-76.91279994056161
carles.org,6.364604257085218e-45,-101.76557712950476
carles.ru,2.0773535763287807e-44,-100.5826493271826
carles.net,1.4585576371423712e-44,-100.93629606409763
carles.io,9.876638374549233e-50,-112.8390824413301
carles.info,8.26206454295403e-56,-126.83309070669708
carles.cn,5.823373891702692e-33,-74.22342826854693
belonta.com,2.847387497770964e-54,-123.29319311524323
akewi.com,4.0009687152236626e-52,-118.34788832508512
bdgoat.com,2.6203773085153212e-43,-98.04784068045582
gemlin.xyz,1.0709751515414092e-38,-87.42966394375243
gemlin.de,9.539985207395308e-43,-96.75566706387247
gemlin.com,8.153331866764501e-45,-101.51790252301468
gemlin.net,5.83287080140282e-46,-104.15540497979654
loreng.com,4.416948680787291e-47,-106.73605025674077
loreng.de,9.35298844585997e-45,-101.38063327262094
gemlin.cn,6.7072312306303126e-34,-76.38470692925958
blmeds.com,3.015646744975577e-34,-77.18407884550923
begdat.com,6.857062115740957e-45,-101.69105009773658
balist.com,1.1962897995774218e-43,-98.83193406522822
balist.jp,5.27542280386735e-35,-78.92741942624959
contiez.com,1.8312535799268193e-52,-119.1294240870002
barold.net,5.956811121528082e-44,-99.5292088005728
barold.com,2.840191312927387e-44,-100.2698726781269
barold.uk,1.1744667439652626e-41,-94.24517460309717
barold.nl,1.615420657448352e-33,-75.50571267703678
barold.org,6.113000280615067e-44,-99.50332639478678
datnovel.com,4.3128316510834253e-57,-129.78575561666108
aldenit.com,1.4397405367041052e-56,-128.5803022931579
shone.net,8.457997324391851e-43,-96.87604657603424
shone.xyz,7.17102645744573e-37,-83.22559963638031
shone.de,8.257280901119479e-42,-94.59747856113799
shone.it,5.128591257618213e-38,-85.86340252095434
shone.jp,2.089669711706344e-33,-75.24830204799166
shone.cn,4.4910222745907055e-32,-72.18064262188746
shone.au,2.6803959533123867e-45,-102.63036465734905
shone.io,2.6803959533123867e-45,-102.63036465734905
shone.com,5.4593011283925946e-43,-97.31383821564255
shone.ru,5.81203858214245e-42,-94.94864252170493
shone.org,1.7272738808668395e-40,-91.5568593455237
shone.info,2.242220837406174e-51,-116.62437292271602
adnperu.com,2.462157587238546e-57,-130.34631226713256
depagi.com,1.3448264971213003e-52,-119.43815982938041
alwvxr.cn,2.3448000483159935e-31,-70.52793775179528
artywin.com,5.018615309016396e-49,-111.21351549591132
lonbi.com,9.264479181460524e-43,-96.78497135413654
lonbi.net,1.4353291435262643e-42,-96.34717971452824
hostiv.com,5.921091318854979e-44,-99.53522331543026
hostiv.ru,6.345690492877736e-42,-94.86079798577993
abeifl.com,6.022246224397116e-51,-115.6363794259939
botgle.com,9.946539003435483e-45,-101.31910453292222
cpanerd.com,2.5195754034040813e-47,-107.29740897410564
cpanerd.net,5.284374582871542e-47,-106.55674509655154
onediag.fr,2.164863548700471e-52,-118.96206750222655
onediag.com,3.973030157144169e-64,-145.9859168842932
cpanerd.org,5.422932278517868e-47,-106.53086269076552
onediag.ru,1.3196777487997985e-60,-137.8777180025461
bmerg.cn,3.9605042493129375e-25,-56.18825597200617
bahdc.com,5.497582435224865e-38,-85.79392509540075
rentius.com,3.49640684972548e-51,-116.18010391589458
bahdc.info,3.2256336745874804e-47,-107.05036995152952
